Id	Label	oprev	ii
1	WAL-MART STORES, INC.	20.001001	0.000000
2	CLOSED JOINT-STOCK COMPANY VTB CAPITAL	0.000000	0.000000
3	CHINA PETROLEUM & CHEMICAL CORPORATION	19.952364	0.000000
4	CHINA PETROLEUM & CHEMICAL CORPORATION	19.880641	-0.000001
5	ROYAL DUTCH SHELL PLC	19.858421	-0.000000
6	CHINA NATIONAL PETROLEUM CORPORATION	0.000000	24.203656
7	EXXON MOBIL CORP	19.792128	0.000000
8	PETROCHINA COMPANY LIMITED	19.745247	-0.000000
9	PETROCHINA COMPANY LIMITED	19.743138	0.000000
10	BP PLC	19.683586	18.388745
11	SAUDI ARAMCO COMPANY	19.673444	0.000000
12	VITOL HOLDING B.V.	0.000000	0.000000
13	VOLKSWAGEN AG	19.352413	0.000000
14	SINOPEC SALES CO., LTD.	0.000000	0.000000
15	HEALTH INSURANCE CLAIMS REVIEW & REIMBURSEMENT SERVICES	0.000000	0.000000
16	TOYOTA MOTOR CORPORATION	19.239343	0.000000
17	GLENCORE PLC	19.214004	0.000000
18	GLENCORE INTERNATIONAL AG	0.000000	0.000000
19	TOTAL S.A.	19.173483	0.000000
20	CHEVRON CORPORATION	19.113533	-0.000000
21	E.ON RUHRGAS AUSTRIA GMBH	0.000000	0.000000
22	SAMSUNG ELECTRONICS CO.,LTD.	19.049713	-0.000000
23	APPLE INC.	19.023876	0.000000
24	MCKESSON CORPORATION	19.003148	0.000000
25	MERCEDES-BENZ SOUTH AFRICA LTD	0.000000	0.000000
26	WALTON FAMILY	0.000000	23.921587
27	WALTON ENTERPRISES LLC	1.386294	23.782687
28	WALTON FAMILY HOLDINGS TRUST (THE)	0.000000	21.794426
29	VANGUARD GROUP INC	3.663562	23.117670
30	BLACKROCK INC	12.611541	23.496664
31	STATE STREET CORP	12.611541	22.954242
32	BERKSHIRE HATHAWAY INC	13.815512	20.001001
33	DODGE & COX	3.663562	20.726928
34	BANK OF NEW YORK MELLON CORP	12.611541	21.679514
35	WELLINGTON MANAGEMENT GROUP LLP	0.000000	21.753600
36	BANK OF AMERICA CORP	13.527830	21.360720
37	NORTHERN TRUST CORP	10.308986	21.604293
38	OLD MUTUAL PLC	0.000000	20.838534
39	FMR LLC	11.163382	21.973666
40	STATE FARM MUTUAL AUTOMOBILE INSURANCE CO	13.527830	20.524025
41	GEODE CAPITAL HOLDINGS LLC	0.000000	20.850876
42	BILL & MELINDA GATES FOUNDATION	2.944439	19.460732
43	INVESCO LTD	11.163382	21.624920
44	AMERIPRISE FINANCIAL INC	12.611541	20.949617
45	WELLS FARGO & CO	13.527830	20.713024
46	AMERICAN CENTURY CO INC	4.736198	20.054531
47	LEGG MASON INC	9.941217	20.010939
48	UBS GROUP AG	0.000000	21.861256
49	GOLDMAN SACHS GROUP INC	12.611541	20.431261
50	STATE OF NEW YORK	6.621406	20.179900
51	TEACHERS INSURANCE & ANNUITY ASSOCIATION OF AMERICA-COLLEGE RETIREMENT EQUITIES FUND	12.611541	21.253942
52	LEGAL & GENERAL GROUP PLC	11.920275	21.383517
53	STATE OF CALIFORNIA	0.000000	20.539704
54	WADDELL & REED FINANCIAL INC	10.308986	19.290267
55	T ROWE PRICE GROUP INC	10.308986	21.917707
56	DEUTSCHE BANK AG	12.849026	21.260128
57	MORGAN STANLEY	12.611541	20.591377
58	CHARLES SCHWAB CORP	11.163382	19.981480
59	CREDIT SUISSE GROUP AG	0.000000	20.912736
60	FRANKLIN RESOURCES INC	11.163382	22.133215
61	AXA	13.855441	21.160545
62	CITIGROUP INC	13.527830	18.397394
63	POWER CORPORATION OF CANADA	12.611541	20.130277
64	PRUDENTIAL FINANCIAL INC	12.102533	19.977290
65	PZENA INVESTMENT MANAGEMENT INC	4.736198	19.958888
66	EAGLE CAPITAL MANAGEMENT LLC	1.386294	18.103881
67	GMO	2.944439	20.695919
68	JPMORGAN CHASE & CO	13.527830	21.723058
69	NORDEA BANK AB (PUBL)	11.776105	18.667107
70	SUMITOMO MITSUI TRUST HOLDINGS, INC	10.834746	20.255580
71	AFFILIATED MANAGERS GROUP INC	10.308986	20.539486
72	ALLIANZ SE	13.699901	20.967972
73	CAPITAL GROUP CO INC	5.860786	22.493349
74	EATON VANCE CORP	10.308986	19.854180
75	BANK OF MONTREAL	12.611541	19.934698
76	HSBC HOLDINGS PLC	13.354053	20.797245
77	STATE OF GEORGIA	4.736198	19.248293
78	BROWN BROTHERS HARRIMAN & CO	5.860786	17.880737
79	FIL LIMITED	0.000000	20.662106
80	MITSUBISHI UFJ FINANCIAL GROUP INC	12.766300	19.733828
81	PRINCIPAL FINANCIAL GROUP INC	12.611541	20.077867
82	DIMENSIONAL FUND ADVISORS LP	4.158883	21.010805
83	DISCOVERY CAPITAL MANAGEMENT LLC	0.693147	17.793726
84	HOTCHKIS & WILEY CAPITAL MANAGEMENT LLC	1.386294	19.007115
85	LONDON STOCK EXCHANGE GROUP PLC	9.261319	18.535498
86	ROYAL BANK OF CANADA	12.611541	19.524889
87	SCHRODERS PLC	9.923731	21.241128
88	SCHWEIZERISCHE NATIONALBANK	12.874748	19.233581
89	CULLINAN ASSOCIATES, INC.	0.000000	17.698416
90	SOROS FUND MANAGEMENT LLC	2.944439	15.111853
91	CUPROFIN S.R.L.	0.000000	0.000000
92	JPMORGAN AMERICAN INVESTMENT TRUST PLC	5.488938	0.000000
93	MARTIN CURRIE GLOBAL PORTFOLIO TRUST PLC	3.761200	0.000000
94	ONTARIO TEACHERS PENSION PLAN	12.611541	17.336454
95	VTB CAPITAL IB HOLDING, LTD	0.000000	0.000000
96	VTB BANK (PUBLIC JOINT-STOCK COMPANY)	11.984703	0.000000
97	CHINA PETROCHEMICAL CO., LTD.	0.000000	24.147537
98	HKSCC NOMINEES LIMITED	0.000000	23.328053
99	GOVERNMENT OF SINGAPORE	0.000000	20.302734
100	GUOTAI JUNAN SECURITIES CO., LTD.	0.000000	18.642767
101	CHINA SECURITIES FINANCE CORPORATION LIMITED	0.000000	18.594015
102	GOVERNMENT OF NORWAY	0.000000	22.169289
103	STICHTING PENSIOENFONDS ABP	0.000000	20.497828
104	BANQUE PICTET & CIE SA	0.000000	19.137482
105	QATAR HOLDING LIMITED LIABILITY COMPANY - OWN FUND	0.000000	17.354912
106	NATIONAL SOCIAL SECURITY FUND 106 PORTFOLIO	0.000000	17.221381
107	CHINA LIFE INSURANCE COMPANY LIMITED - DIVIDEND - INDIVIDUAL DIVIDEND-005L-FH00 SHANGHAI	0.000000	17.067230
108	CSOP ASSET MANAGEMENT COMPANY LIMITED - NANFANG FUSHI CHINA A50ETF	0.000000	16.884909
109	INDUSTRIAL AND COMMERCIAL BANK OF CHINA - SHANGHAI 50 INDEX SECURITIES INVESTMENT FUND	0.000000	16.884909
110	INDUSTRIAL AND COMMERCIAL BANK OF CHINA - ZHONGYIN SUSTAINABLE GROWTH EQUITY SECURITIES INVESTMENT	0.000000	16.884909
111	JPMORGAN ASIAN INVESTMENT TRUST PLC	0.000000	0.000000
112	PACIFIC HORIZON INVESTMENT TRUST PLC	3.295837	0.000000
113	TEMPLETON EMERGING MARKETS INVESTMENT TRUST PLC	5.746203	0.000000
114	EUROCLEAR S.A.	0.000000	23.144956
115	BNY (NOMINEES) LIMITED	0.000000	22.642815
116	CHASE NOMINEES LIMITED	0.000000	21.033995
117	STATE STREET NOMINEES LIMITED A/C OM02	0.000000	21.018442
118	STATE STREET NOMINEES LIMITED A/C OM04	0.000000	20.933424
119	ABERDEEN ASSET MANAGEMENT PLC	9.287672	21.620156
120	LYNCHWOOD NOMINEES LIMITED A/C 2006420	0.000000	20.637746
121	THE CENTRAL PEOPLE'S GOVERNMENT OF CHINA	0.000000	21.218562
122	STANDARD LIFE PLC	0.000000	21.118102
123	BARCLAYS PLC	12.875117	20.177155
124	PRUDENTIAL PLC	13.142646	20.811150
125	QATAR INVESTMENT AUTHORITY	0.000000	21.809838
126	SUN LIFE FINANCIAL INC	12.611541	20.473709
127	ROYAL LONDON MUTUAL INSURANCE SOCIETY LTD (THE)	9.296702	20.071777
128	INVESTEC PLC	9.275098	19.945802
129	SAS RUE LA BOETIE	0.000000	20.282675
130	THE PUBLIC INSTITUTION FOR SOCIAL SECURITY	0.000000	20.710526
131	MAJEDIE ASSET MANAGEMENT LIMITED	5.164786	19.825466
132	TORONTO-DOMINION BANK	12.611541	20.332674
133	MIPL HOLDINGS LIMITED	5.874931	19.769369
134	RATHBONE BROTHERS PLC	5.793014	19.281868
135	GOVERNMENT OF UNITED KINGDOM	0.000000	19.123917
136	THORNBURG INVESTMENT MANAGEMENT INC	2.944439	19.355728
137	AVIVA PLC	12.709342	19.798414
138	FEDERATED INVESTORS INC	6.621406	19.856943
139	HENDERSON GROUP PLC	6.688355	19.331458
140	PROVINCE OF QUEBEC	0.000000	19.646798
141	BT INVESTMENT MANAGEMENT LIMITED	5.351858	19.575030
142	HARGREAVES LANSDOWN PLC	6.432940	19.245147
143	AEGON NV	0.000000	19.001849
144	BPCE SA	11.519504	20.896925
145	NFU MUTUAL INSURANCE ASSOCIATION LIMITED	0.000000	19.145444
146	UNIVERSITIES SUPERANNUATION SCHEME LIMITED	4.962845	18.811838
147	GOVERNMENT OF SAUDI ARABIA	0.000000	24.282197
148	LSV ASSET MANAGEMENT	1.386294	19.556680
149	SPRUCEGROVE INVESTMENT MANAGEMENT LTD	2.197225	18.025840
150	SMITH & WILLIAMSON HOLDINGS LTD	5.817111	17.961301
151	JARVIS SECURITIES PLC	2.484907	17.892308
152	COUNTY OF WEST YORKSHIRE	0.000000	18.851415
153	SPEIRS & JEFFREY LIMITED	3.610918	17.818200
154	BAE SYSTEMS PLC	12.389876	18.548137
155	BNP PARIBAS SA	13.061668	19.536281
156	LETKO, BROSSEAU ASSOCIATES, INC.	0.000000	17.738158
157	REGERINGSKANSLIET	0.000000	19.477715
158	SCHAFER CULLEN CAPITAL MANAGEMENT INC	2.197225	17.651146
159	STATE OF TEXAS	10.308986	18.628896
160	THE GOVERNMENT OF CANADA	4.736198	19.482321
161	ILMARINEN MUTUAL PENSION INSURANCE COMPANY	10.820998	17.541056
162	FENNIA MUTUAL INSURANCE COMPANY	6.259581	0.000000
163	MR BEN VAN BEURDEN	0.000000	0.000000
164	MR CHARLES HOLLIDAY	0.000000	0.000000
165	MR GERARD KLEISTERLEE	0.000000	0.000000
166	MR GERRIT ZALM	0.000000	0.000000
167	MR GUY ELLIOTT	0.000000	0.000000
168	MR HANS WIJERS	0.000000	0.000000
169	MR HENRY SIMON	0.000000	0.000000
170	MR JOSEF ACKERMAN	0.000000	0.000000
171	MR NIGEL SHEINWALD	0.000000	0.000000
172	MRS LINDA G STUNTZ	0.000000	0.000000
173	MRS PATRICIA A WOERTZ	0.000000	0.000000
174	OLLILA JARMA	0.000000	0.000000
175	ABERDEEN UK TRACKER TRUST PLC	1.945910	0.000000
176	AURORA INVESTMENT TRUST PLC	0.000000	0.000000
177	BANKERS INVESTMENT TRUST PLC	3.891820	0.000000
178	BLACKROCK COMMODITIES INCOME INVESTMENT TRUST PLC	1.791759	0.000000
179	BLACKROCK INCOME STRATEGIES TRUST PLC	3.891820	0.000000
180	BRUNNER INVESTMENT TRUST PLC(THE)	0.000000	0.000000
181	DUNEDIN INCOME GROWTH INVESTMENT TRUST PLC	4.276666	0.000000
182	EUROPEAN INVESTMENT TRUST PLC (THE)	4.262680	0.000000
183	F&C CAPITAL & INCOME INVESTMENT TRUST PLC	3.526361	0.000000
184	FIDELITY SPECIAL VALUES PLC	4.574711	0.000000
185	HANSA TRUST PLC	2.302585	0.000000
186	HENDERSON GLOBAL TRUST PLC	3.583519	0.000000
187	HENDERSON HIGH INCOME TRUST PLC	3.295837	0.000000
188	INVESCO INCOME GROWTH TRUST PLC	3.367296	0.000000
189	INVESTORS CAPITAL TRUST PLC	2.197225	0.000000
190	JPMORGAN CLAVERHOUSE INVESTMENT TRUST PLC	3.218876	0.000000
191	JPMORGAN ELECT PLC	0.000000	0.000000
192	JPMORGAN INCOME & GROWTH INVESTMENT TRUST PLC	1.945910	0.000000
193	JUPITER PRIMADONA GROWTH TRUST PLC	2.564949	0.000000
194	LAW DEBENTURE CORPORATION PLC(THE)	3.951244	0.000000
195	LOWLAND INVESTMENT COMPANY P L C	0.000000	0.000000
196	MORE THAN 100 SHAREHOLDERS	0.000000	0.000000
197	MR ANDREW BROWN	0.000000	0.000000
198	MURRAY INCOME TRUST PLC	0.000000	0.000000
199	MURRAY INTERNATIONAL TRUST PLC	4.174387	0.000000
200	SCHRODER UK GROWTH FUND PLC	2.833213	0.000000
201	SCOTTISH INVESTMENT TRUST PLC	3.295837	0.000000
202	SENECA GLOBAL INCOME & GROWTH TRUST PLC	1.098612	0.000000
203	SPAREBANK 1 SKADEFORSIKRING AS	6.561031	0.000000
204	STANDARD LIFE EQUITY INCOME TRUST PLC	3.135494	0.000000
205	TEMPLE BAR INVESTMENT TRUST PLC	0.000000	0.000000
206	TEMPLETON GLOBAL GROWTH FUND LIMITED	0.000000	0.000000
207	VALUE INVESTMENTS S.P.A.	0.000000	0.000000
208	STATE-OWNED ASSETS SUPERVISION AND ADMINISTRATION COMMISSION OF THE STATE COUNCIL	0.000000	28.808826
209	PNC FINANCIAL SERVICES GROUP INC	12.611541	19.720550
210	SAROFIM GROUP INC, THE	0.000000	19.384040
211	US BANCORP	12.611541	18.668688
212	STATE OF OHIO	12.611541	18.970757
213	AJO	2.197225	18.850184
214	JANUS CAPITAL GROUP INC	6.621406	19.682846
215	MANULIFE FINANCIAL CORP	12.611541	19.019542
216	MIZUHO FINANCIAL GROUP	12.104676	18.725603
217	RHUMBLINE ADVISORS	0.693147	18.712036
218	ADAGE CAPITAL MANAGEMENT LP	2.197225	18.799610
219	STATE OF FLORIDA	0.000000	18.606955
220	VOYA FINANCIAL INC	12.611541	19.084316
221	M & T BANK CORP	10.308986	17.671864
222	FISHER INVESTMENTS	4.158883	19.006022
223	STATE OF WISCONSIN	6.621406	18.502785
224	LONDON FINANCE & INVESTMENT GROUP P.L.C.	0.000000	0.000000
225	NORTH AMERICAN INCOME TRUST PLC (THE)	4.477337	0.000000
226	NATIONAL COUNCIL FOR SOCIAL SECURITY FUND THE PEOPLE'S REPUBLIC OF CHINA	0.000000	18.231119
227	LEE HING DEVELOPMENT LIMITED	2.639057	16.749515
228	CSOP ASSET MANAGEMENT CO., LTD. - NANFANG FUSHI CHINA A50ETF	0.000000	15.833224
229	GUANGXI INVESTMENT GROUP CO., LTD.	0.000000	15.833224
230	INDUSTRIAL AND COMMERCIAL BANK OF CHINA - SSE 50 TRADING INDEX SECURITIES INVESTMENT FUND	0.000000	15.833224
231	INDUSTRIAL AND COMMERCIAL BANK OF CHINA CO., LTD. - HUITIANFU SHANGHAI COMPOSITE INDEX SECURITIES	0.000000	15.833224
232	ABERDEEN JAPAN INVESTMENT TRUST PLC	0.000000	0.000000
233	BANK OF CHINA CO., LTD. - JIASHI CSI 300 TRADING OPEN INDEX SECURITIES INVESTMENT FUND	0.000000	0.000000
234	INDUSTRIAL AND COMMERCIAL BANK OF CHINA CO., LTD. - HUAXIA HUSHEN 300 TRADING OPEN INDEX SECURITIE	0.000000	0.000000
235	JPMORGAN CHASE BANK, DEPOSITARY FOR ADSS, THROUGH ITS NOMINEE GUARANTY NOMINEES LIMITED	0.000000	23.295409
236	ROSNEFT OIL COMP. OJSC	0.000000	21.535140
237	SMITH & WILLIAMSON NOMINEES LIMITED	0.000000	21.527108
238	UBS AG	0.000000	21.170436
239	UBS AG LONDON BRANCH	0.000000	21.079434
240	JUPITER FUND MANAGEMENT PLC	6.244167	19.034104
241	BRANDES WORLDWIDE HOLDINGS LP	0.000000	18.687828
242	GOVERNMENT OF FRANCE	0.000000	19.083642
243	MARATHON ASSET MANAGEMENT LLP	5.743003	18.652736
244	SANDERS CAPITAL LLC	0.693147	18.669176
245	SOCIÉTÉ GÉNÉRALE SA	12.577760	19.681062
246	ACKERMANS EN VAN HAAREN NV/SA	10.820798	18.264971
247	PHILADELPHIA TRADING INC	0.000000	18.965757
248	GOVERNMENT OF LIBYA	0.000000	18.028582
249	SOUND SHORE MANAGEMENT	0.693147	18.028582
250	JULIUS BÄR GRUPPE AG	0.000000	17.885481
251	OLDFIELD & CO.(LONDON) LTD	3.784190	17.885481
252	RWC PARTNERS LIMITED	4.143135	17.885481
253	RUFFER LLP	5.587249	17.805438
254	VERITAS ASSET PARTNERS LIMITED	4.718499	17.805438
255	PGGM COÖPERATIE UA	2.833213	18.103537
256	DEKABANK DEUTSCHE GIROZENTRALE AG	9.916058	18.379786
257	MASSACHUSETTS MUTUAL LIFE INSURANCE CO	12.611541	19.640924
258	RESONA HOLDINGS, INC	10.825104	17.623117
259	TROY ASSET MANAGEMENT LIMITED	4.276666	17.623117
260	WESLEYAN ASSURANCE SOCIETY	6.084499	17.623117
261	A BURGMANS	0.000000	0.000000
262	ADMIRAL FRANK BOWMAN	0.000000	0.000000
263	B GILVARY	0.000000	0.000000
264	B R NELSON	0.000000	0.000000
265	C B CARROLL	0.000000	0.000000
266	D A DOWLING	0.000000	0.000000
267	G DAVID	0.000000	0.000000
268	I E L DAVIS	0.000000	0.000000
269	MR ALAN BOECKMAN	0.000000	0.000000
270	MR ANDREW SHILSTON	0.000000	0.000000
271	MR BOB DUDLEY	0.000000	0.000000
272	MR CARL HENRIC SVANBERG	0.000000	0.000000
273	P M ANDERSON	0.000000	0.000000
274	B LOONEY	0.000000	0.000000
275	BLUE PLANET INVESTMENT TRUST PLC	1.609438	0.000000
276	CONN SHORTEN C F	0.000000	0.000000
277	D SANYAL	0.000000	0.000000
278	H SCHUSTER	0.000000	0.000000
279	JUPITER DIVIDEND & GROWTH TRUST PLC	0.000000	0.000000
280	M T ERGINBILGIC	0.000000	0.000000
281	M&G HIGH INCOME INVESTMENT TRUST PLC	0.000000	0.000000
282	R BONDY	0.000000	0.000000
283	SCHRODER INCOME GROWTH FUND PLC	0.000000	0.000000
284	TIGER RESOURCE FINANCE PLC	0.000000	0.000000
285	VITOL HOLDING II SA	0.000000	0.000000
286	PORSCHE AUTOMOBIL HOLDING SE	0.693147	23.324401
287	LAND NIEDERSACHSEN	0.000000	22.348145
288	QATAR HOLDING GERMANY GMBH	0.000000	22.185626
289	BG MASTER FUND PUBLIC LIMITED COMPANY	0.000000	19.103951
290	ONTARIO ASSOCIATION OF CHILDREN'S AID SOCIETIES	0.000000	17.742975
291	TAPIOLA GENERAL MUTUAL INSURANCE COMPANY	6.568078	15.440390
292	TAPIOLA MUTUAL LIFE ASSURANCE COMPANY	6.159095	15.440390
293	FIDELITY EUROPEAN VALUES PLC	4.189655	0.000000
294	JPMORGAN EUROPEAN INVESTMENT TRUST PLC	3.713572	0.000000
295	SUZUKI MOTOR CORPORATION	12.429644	0.000000
296	BOHAI HUAMEI (SHANGHAI) EQUITY INVESTMENT FUND PARTNERSHIP ENTERPRISE (LLP)	0.000000	0.000000
297	CHANGJIANG PENSION INSURANCE CO LTD	0.000000	0.000000
298	CHINA LIFE INSURANCE COMPANY LIMITED	13.199502	0.000000
299	CINDA SINO-ROCK INTERNATIONAL ENERGY CO., LTD	0.000000	0.000000
300	ENN ENERGY CHINA INVESTMENT LIMITED	0.000000	0.000000
301	HARVEST CAPITAL MANAGEMENT CO., LTD	0.000000	0.000000
302	HARVEST FUND MANAGEMENT CO., LTD.	0.000000	0.000000
303	HUAXIA SSF1 INVESTORS LTD	0.000000	0.000000
304	KINGSBRIDGE ASSET HOLDING LTD	0.000000	0.000000
305	QIANHAI GOLDEN BRIDGE FUND I LP	0.000000	0.000000
306	SHENZHEN RENBAO TENCENT MAISHENG ENERGY INVESTMENT FUND ENTERPRISE (LLP)	0.000000	0.000000
307	SINO LIFE INSURANCE CO LTD	11.003466	0.000000
308	JAPAN TRUSTEE SERVICES BANK LTD	5.402677	21.540928
309	SELF OWNED	0.000000	22.052019
310	TOYOTA INDUSTRIES CORPORATION	12.100934	21.121857
311	MASTER TRUST BANK OF JAPAN, LTD	5.159055	20.905161
312	STATE STREET BANK AND TRUST COMPANY	11.414728	20.555751
313	NIPPON LIFE INSURANCE COMPANY	12.996158	20.460173
314	BANK OF NEW YORK MELLON AS DEPOSITARY BANK FOR DEPOSITARY RECEIPT HOLDERS	0.000000	20.159626
315	TRUST & CUSTODY SERVICES BANK, LTD	5.181784	19.957183
316	DENSO CORPORATION	12.768208	19.947379
317	MITSUI SUMITOMO INSURANCE CO LTD	0.000000	19.896863
318	JP MORGAN CHASE BANK, NA	13.474173	19.721769
319	NOMURA HOLDINGS INC	11.697536	19.177468
320	DAIWA SECURITIES GROUP INC	10.337378	18.418363
321	ARTISAN PARTNERS ASSET MANAGEMENT INC.	6.721426	18.710935
322	SUMITOMO MITSUI ASSET MANAGEMENT COMPANY, LIMITED	5.869297	17.892270
323	SWEDBANK AB	10.821137	18.354709
324	FLOSSBACH VON STORCH AG	0.000000	17.119080
325	DIAM CO.,LTD.	5.789960	16.936758
326	PANASONIC CORPORATION	13.369589	16.831398
327	TOYODA GOSEI CO LTD	11.003116	16.243611
328	NAGOYA BROADCASTING NETWORK CO.,LTD.	5.541264	15.327320
329	AISAN INDUSTRY CO., LTD.	9.284705	0.000000
330	AISIN AW CO.,LTD.	11.293164	0.000000
331	AISIN KEIKINZOKU CO.,LTD.	6.270988	0.000000
332	AISIN TAKAOKA CO.,LTD.	6.889591	14.634173
333	FUJITSU TEN LIMITED	9.283684	14.634173
334	KYOSAN DENKI CO.,LTD.	6.284134	14.634173
335	KYOWA LEATHER CLOTH CO LTD	5.932245	0.000000
336	NAMICOH CO.,LTD.	4.934474	0.000000
337	NETZ TOYOTA NISHINIHON K.K.	4.330733	0.000000
338	TAIHO KOGYO CO LTD	6.708084	0.000000
339	TOKAI RIKA CO., LTD.	10.334165	0.000000
340	TOYODA IRON WORKS CO.,LTD.	9.216720	14.634173
341	TOYOTA BOSHOKU CORPORATION	11.521588	14.634173
342	TOYOTOMI KIKO CO., LTD.	6.056784	14.634173
343	TRINITY INDUSTRIAL CORPORATION	5.509388	0.000000
344	TSUDA INDUSTRIES CO.,LTD.	5.774552	0.000000
345	SCHRODER JAPAN GROWTH FUND PLC	1.609438	0.000000
346	QATAR HOLDING LLC	3.433987	21.824028
347	MR IVAN GLASENBERG	0.000000	21.345800
348	HARRIS ASSOCIATES LP	0.000000	20.847158
349	BLACKROCK INVESTMENT MANAGEMENT (UK) LIMITED	9.265775	20.823441
350	MR DANIEL FRANCISCO MATE BADENES	0.000000	20.374024
351	MR ARISTOTELIS MISTAKIDIS	0.000000	20.367735
352	MOLINOS CAPITAL LTD.	0.000000	18.798488
353	MR WILLIAM MACAULAY	0.000000	18.597817
354	VAN ECK ASSOCIATES CORP	3.663562	18.500654
355	FR GALAXY HOLDINGS S.ÀR.L.	0.000000	18.074569
356	CORONATION FUND MANAGERS LTD	0.000000	17.381422
357	MARKETFIELD ASSET MANAGEMENT LLC	2.197225	17.173783
358	MR ANTHONY HAYWARD	0.000000	0.000000
359	MR JOHN J MACK	0.000000	0.000000
360	MR PETER COATES	0.000000	14.608834
361	MRS PATRICE MERRIN	0.000000	0.000000
362	MR ALEXANDER FRANK BEARD	0.000000	0.000000
363	MR TOR PETERSON	0.000000	0.000000
364	MR WILLY R. STROTHOTTE	0.000000	0.000000
365	AMUNDI GROUP SA	9.293854	21.227606
366	AMUNDI ASSET MANAGEMENT	0.000000	20.898033
367	PERSONNEL DE TOTAL S.A.	0.000000	20.762718
368	ELF AQUITAINE	0.000000	20.608567
369	FCP TOTAL ACTIONARIAT FRANCE	0.000000	20.391358
370	GROUPE BRUXELLES LAMBERT SA	10.831786	20.367405
371	FINGESTVAL	0.000000	20.291898
372	GBL ENERGY SARL	0.000000	20.238193
373	CHINA INVESTMENT CORPORATION	0.000000	19.866630
374	KERMADEC SA	0.000000	19.355804
375	FINANCIERE VALORGEST	0.000000	19.122189
376	COMPAGNIE FINANCIERE LUXEMBOURG	0.000000	19.068122
377	LOVERVAL FINANCE	0.000000	19.056949
378	GROUPE CRÉDIT MUTUEL-CIC	0.000000	18.695447
379	FIRST EAGLE INVESTMENT MANAGEMENT LLC	2.944439	18.439513
380	UNION ASSET MANAGEMENT HOLDING AG	9.248599	18.002300
381	CAUSEWAY CAPITAL MANAGEMENT LLC	0.693147	17.612835
382	UNICREDIT SPA	12.507831	18.478426
383	TOTAL NUCLEAIRE	0.000000	17.564045
384	KBC GROEP NV/ KBC GROUPE SA	11.291867	17.458684
385	NEW YORK LIFE INSURANCE CO	12.611541	17.458684
386	COVEA COOPERATIONS	0.000000	17.401526
387	SOGAPAR	0.000000	17.401526
388	NN GROUP NV	11.611331	17.805873
389	RAYMOND JAMES FINANCIAL INC	10.308986	17.873129
390	THRIVENT FINANCIAL FOR LUTHERANS	11.163382	17.053219
391	MACQUARIE GROUP LTD	11.156879	18.416661
392	THIRD AVENUE MANAGEMENT LLC	0.000000	15.954607
393	FILUX COMPAGNIE FINANCIERE LUXEMBOURG SA	0.000000	14.568313
394	PUBLIC	0.000000	0.000000
395	SECURITIES TRUST OF SCOTLAND PLC	3.526361	0.000000
396	LORD ABBETT & CO	3.663562	18.424842
397	AMERICAN INTERNATIONAL GROUP INC	13.527830	17.452802
398	CORTLAND ADVISERS LLC	0.000000	17.073312
399	TCW GROUP	0.000000	16.906258
400	ETERA MUTUAL PENSION INSURANCE COMPANY	6.715383	0.000000
401	E.ON ENERGY SALES GMBH	12.255705	0.000000
402	E.ON SE	14.137699	0.000000
403	SAMSUNG LIFE INSURANCE COMPANY LIMITED	11.924273	18.910450
404	GOVERNMENT OF THE REPUBLIC OF KOREA	0.000000	20.980376
405	NATIONAL PENSION SERVICE	11.775597	20.960735
406	SAMSUNG C&T CORP.	12.471072	20.450896
407	SAMSUNG CORPORATION	0.000000	20.450896
408	LEE KUN-HEE	0.000000	20.267588
409	MR GEON HEE LEE	0.000000	20.267588
410	SAMSUNG FIRE & MARINE INSURANCE COMPANY LIMITED	11.984740	19.280824
411	RA-HEE HONG	0.000000	18.748607
412	MR JAE YONG LEE	0.000000	18.487594
413	LAZARD LIMITED	9.918475	19.186117
414	ORBIS HOLDINGS LTD.	0.000000	18.055460
415	BAILLIE GIFFORD & CO LIMITED	3.526361	17.440275
416	MRS HYUN-JOO PARK	0.000000	17.440275
417	MATTHEWS INTERNATIONAL CAPITAL MANAGEMENT	2.944439	17.152593
418	INTERNATIONAL VALUE ADVISERS LLC	0.693147	17.083600
419	ORIX CORPORATION	11.614037	18.540302
420	SKAGEN AS	4.844187	16.929449
421	SAMSUNG WELFARE FOUNDATION CO.	0.000000	16.236302
422	SAMSUNG FOUNDATION OF CULTURE	0.000000	15.543155
423	MR SANG-HOON LEE	0.000000	0.000000
424	OH-HYUN KWON	0.000000	0.000000
425	ALLIANZ TECHNOLOGY TRUST PLC	3.713572	0.000000
426	EP GLOBAL OPPORTUNITIES TRUST PLC	1.945910	0.000000
427	FIDELITY ASIAN VALUES PLC	3.610918	0.000000
428	MARTIN CURRIE ASIA UNCONSTRAINED TRUST PLC	1.609438	0.000000
429	MONKS INVESTMENT TRUST PLC	5.198497	0.000000
430	PLATINUM CAPITAL LIMITED	3.828641	0.000000
431	POLAR CAPITAL TECHNOLOGY TRUST PLC	5.710427	0.000000
432	SCHRODER ASIAPACIFIC FUND PLC	0.000000	0.000000
433	THE ESTABLISHMENT INVESTMENT TRUST PLC	1.098612	0.000000
434	WITAN PACIFIC INVESTMENT TRUST PLC	3.828641	0.000000
435	ICAHN ASSOCIATES CORP.	0.000000	18.951305
436	MR CARL C ICAHN	0.000000	18.837546
437	COMMERZBANK AG	11.519166	17.251919
438	TIGERMOTH HOLDINGS PTY LTD.	0.000000	17.251919
439	STATE OF NEW JERSEY	10.308986	17.057763
440	BROWN ADVISORY INCORPORATED	0.000000	16.983655
441	COATUE MANAGEMENT_LLC	0.000000	16.983655
442	GREENLIGHT CAPITAL, INC.	0.000000	16.983655
443	AQR CAPITAL MANAGEMENT HOLDINGS LLC	0.000000	18.042156
444	BESSEMER GROUP INC	4.736198	16.903612
445	LONE PINE CAPITAL LLC	1.386294	16.903612
446	CALAMOS FAMILY PARTNERS, INC.	0.000000	16.816601
447	MARSICO HOLDINGS LLC	0.000000	16.721291
448	METLIFE INC	13.527830	16.721291
449	NBSH ACQUISITION, LLC	0.000000	17.498495
450	MR ALISHER USMANOV	0.000000	15.111853
451	APPALOOSA PARTNERS LP	1.386294	0.000000
452	THIRD POINT LLC	1.386294	17.730930
453	BBVA ASSET MANAGEMENT SA SGIIC	5.840642	0.000000
454	CANADIAN GENERAL INVESTMENTS LTD	0.000000	0.000000
455	CANADIAN WORLD FUND LIMITED	0.000000	0.000000
456	EDINBURGH WORLDWIDE INVESTMENT TRUST PLC	2.079442	0.000000
457	MATRIX PARTNERS LP	1.386294	0.000000
458	MR WOZNIAK STEPHEN	0.000000	0.000000
459	SCOTTISH MORTGAGE INVESTMENT TRUST PLC	9.222664	0.000000
460	T. ROWE PRICE ASSOCIATES, INC.	0.000000	21.280415
461	OCH-ZIFF CAPITAL MANAGEMENT GROUP LLC	10.308986	18.541112
462	MONTAG & CALDWELL, LLC	0.000000	18.423329
463	GLENVIEW CAPITAL MANAGEMENT	2.944439	18.386962
464	CAM GROUP HOLDING A/S	4.997212	18.135647
465	MILLENNIUM MANAGEMENT LLC	0.000000	18.061539
466	ORBIMED ADVISORS LLC	12.611541	17.831965
467	OMEGA ADVISORS INC	0.693147	17.799175
468	BANK OF NOVA SCOTIA	12.611541	17.730182
469	THE CHARGER CORP.	0.000000	17.489020
470	NATIONWIDE MUTUAL INSURANCE CO	12.611541	17.393710
471	BOSTON PRIVATE FINANCIAL HOLDINGS INC	5.860786	17.342417
472	MAVERICK CAPITAL LTD	1.386294	17.342417
473	SAMLYN CAPITAL LLC	1.386294	17.231191
474	SENTRY SELECT CAPITAL CORP	2.079442	17.231191
475	PARTNER FUND MANAGEMENT, L.P.	0.000000	17.170566
476	ALLEGHANY CORP	11.163382	17.106028
477	BT GROUP PLC	12.470780	17.106028
478	NEW MOUNTAIN CAPITAL GROUP	0.000000	17.106028
479	GUGGENHEIM CAPITAL LLC	1.386294	16.962927
480	Q INTERACTIVE	0.693147	16.962927
481	KEYCORP	10.308986	16.882884
482	MAN GROUP PLC	9.225328	16.882884
483	RIVERHEAD CAPITAL MANAGEMENT LLC	0.000000	16.882884
484	SMITH ASSET MANAGEMENT GROUP LP	1.386294	16.882884
485	UNITED SERVICES AUTOMOBILE ASSOCIATION EMPLOYEE PAC	12.611541	16.882884
486	ATALANTA/SOSNOFF CAPITAL LLC	2.197225	16.795873
487	FIFTH THIRD BANCORP	11.163382	16.795873
488	NEW YORK COMMUNITY BANCORP INC	10.308986	16.795873
489	TODD ASSET MANAGEMENT LLC	0.000000	16.795873
490	CLARIVEST ASSET MANAGEMENT LLC	0.693147	16.700563
491	MEYER HANDELMAN CO. LLC	0.000000	16.700563
492	SKANDINAVISKA ENSKILDA BANKEN AB	11.003233	16.700563
493	STATE OF KENTUCKY	6.621406	16.700563
